9789750730177_1,23011058,0,27.05.2025
9789750730177_1,23011058,1,27.05.2025
9789750807145_2,23011058,0,25.05.2025
9789750807145_2,23011058,1,27.05.2025
9789759952372_4,23011058,0,25.05.2025
9789759952372_4,23011058,1,28.05.2025
9789752731332_3,23011058,0,27.05.2025
9789750807145_1,23011058,0,10.05.2025
9789750807145_1,23011058,1,27.05.2025
9789752731332_3,23011058,1,15.06.2025
5134504975481_1,23011059,0,20.05.2025
5134504975481_1,23011059,1,10.06.2025
9789750730177_2,24012040,0,25.05.2025
9789750735639_1,23030050,0,23.05.2025
9789750735639_1,23030050,1,27.05.2025
9789750735639_1,23030050,0,24.05.2025
9789750735639_1,23030050,1,15.06.2025
9789759952372_5,23011058,0,25.05.2025
9789759952372_5,23011058,1,15.06.2025
9789759952372_5,23011058,0,25.05.2025
9789759952372_5,23011058,1,15.06.2025
9789750807145_2,23011058,0,10.05.2025
9789750807145_2,23011058,1,10.06.2025
