Sinekli Bakkal,9789750721663,9789750721663_1,RAFTA
Anayurt Oteli,9789750735639,9789750735639_1,RAFTA
Ask-i Memnu,9789750730177,9789750730177_3,RAFTA
Ask-i Memnu,9789750730177,9789750730177_2,24012040
Ask-i Memnu,9789750730177,9789750730177_1,RAFTA
Atesten Gomlek,9789750723322,9789750723322_2,RAFTA
Atesten Gomlek,9789750723322,9789750723322_1,RAFTA
Aylak Adam,9789750735646,9789750735646_2,RAFTA
Aylak Adam,9789750735646,9789750735646_1,RAFTA
Calikusu,4054110263807,4054110263807_4,RAFTA
Calikusu,4054110263807,4054110263807_3,RAFTA
Calikusu,4054110263807,4054110263807_2,RAFTA
Calikusu,4054110263807,4054110263807_1,RAFTA
Devlet Ana,9789752731332,9789752731332_3,RAFTA
Devlet Ana,9789752731332,9789752731332_2,RAFTA
Devlet Ana,9789752731332,9789752731332_1,RAFTA
Saatleri Ayarlama Enstitusu,9789759952372,9789759952372_5,RAFTA
Saatleri Ayarlama Enstitusu,9789759952372,9789759952372_4,RAFTA
Saatleri Ayarlama Enstitusu,9789759952372,9789759952372_3,RAFTA
Saatleri Ayarlama Enstitusu,9789759952372,9789759952372_2,RAFTA
Saatleri Ayarlama Enstitusu,9789759952372,9789759952372_1,RAFTA
Sinekli Bakkal,9789750721663,9789750721663_2,RAFTA
Sinekli Bakkal,9789750721663,9789750721663_1,RAFTA
Tutunamayanlar,5134504975481,5134504975481_1,RAFTA
Tutunamayanlar,5134504975481,5134504975481_2,RAFTA
˜nce Memed,9789750807145,9789750807145_2,RAFTA
˜nce Memed,9789750807145,9789750807145_1,RAFTA
